Timestamp,trainee,id,가치관,가족/환경의 영향,전환점/특별한 경험,장점 기술,단점 기술 및 극복 노력,대인관계 성향,학업 태도,활동 참여,성취 및 도전 경험,회사/직무 이해도,지원 이유의 명확성,직무 적합성 강조,단기 목표,장기 비전,기여 방안,실무 경험,직무 관련 능력,문제 해결력
7/2/2025 11:31:01,07,01,가치관 명확 + 간단한 사례,영향 관계 명확 + 구체적 설명,"경험 모호, 연결 안 됨",장점 명확 + 사례 적당,극복 의지 있음 + 일부 노력,"사례 부족, 원론적 설명 대인관계 소극적 묘사 부정적 내용 포함",전공과 연계된 주도적 학습 경험,활동 참여 + 간단한 결과,"노력 부족, 결과 없음",피상적 이해 + 단순 지원,억지스러운 설명,역량 또는 직무 언급 없음,목표 없음,비전 없음,기여 언급만 존재,경험 없음,관련 역량 없음,문제 인식 또는 해결 없음
7/2/2025 11:34:29,07,02,명확하고 긍정적인 가치관 + 구체적 사례,영향 관계 명확 + 구체적 설명,특별한 경험 + 뚜렷한 성찰,직무 연계 + 구체 사례로 강점 증명,솔직 + 뚜렷한 개선 과정,대인관계 우수 사례 + 긍정적 결과,전공과 연계된 주도적 학습 경험,활동 언급만 있고 내용 부족 활동 없음,도전 있음 + 성과 미흡,피상적 이해 + 단순 지원,억지스러운 설명,적절한 역량 + 일부 연계,목표 없음,비전 없음,기여 의식 없음,경험 없음,관련 역량 없음,해결 노력은 있으나 미흡
7/2/2025 11:37:11,07,03,명확하고 긍정적인 가치관 + 구체적 사례,영향은 있으나 논리 부족 단편적 언급 + 설명 없음 영향 설명 없음,특별한 경험 + 뚜렷한 성찰,직무 연계 + 구체 사례로 강점 증명,솔직 + 뚜렷한 개선 과정,대인관계 우수 사례 + 긍정적 결과,전공과 연계된 주도적 학습 경험,활동 적극적 참여 + 구체 성과,뚜렷한 도전 + 성과/교훈 존재,직무 이해 있음 + 부분 연결,본인 경험/가치와 연결된 명확한 동기,본인의 역량이 직무와 잘 맞는지 서술,구체적 + 회사 내 역할 연결,회사 발전과 연계된 비전 + 실현 가능성,의지는 있으나 구체성 부족,실무 경험 있음 + 적절 설명,관련 역량 보유 + 일부 활용,문제 해결 과정 명확 + 결과 도출
7/2/2025 11:41:39,07,04,명확하고 긍정적인 가치관 + 구체적 사례,영향 설명 없음,경험은 있음 + 부분적 성찰,장점 명확 + 사례 적당,극복 의지 있음 + 일부 노력,"사례 부족, 원론적 설명 대인관계 소극적 묘사 부정적 내용 포함",성실하고 자기주도 학습 있음,활동 경험 있음 + 서술 미흡,경험 기술은 있으나 성과 미흡,직무 이해 있음 + 부분 연결,개인 목표 중심의 설명,적절한 역량 + 일부 연계,목표 있으나 막연함,개인적 희망 수준,의지는 있으나 구체성 부족,경험 나열 중심,관련 역량 보유 + 일부 활용,문제 인식 및 일부 해결 경험
7/2/2025 11:44:20,07,05,가치관은 있으나 애매하거나 사례 부족,영향 관계 보통 + 적당한 설명,"경험만 나열, 의미 부족",장점 명확 + 사례 적당,극복 의지 있음 + 일부 노력,"사례 부족, 원론적 설명 대인관계 소극적 묘사 부정적 내용 포함",일반적인 학습 서술,활동 언급만 있고 내용 부족 활동 없음,"노력 부족, 결과 없음",피상적 이해 + 단순 지원,억지스러운 설명,"역량만 나열, 직무 연결 부족 연계성 약함",목표 없음,비전 없음,기여 의식 없음,경험 나열 중심,자격 보유만 있고 활용 미흡,"문제만 제시, 해결 없음"
7/2/2025 11:50:30,07,06,가치관 명확 + 간단한 사례,영향 관계 보통 + 적당한 설명,경험은 있음 + 부분적 성찰,장점 명확 + 사례 적당,극복 의지 있음 + 일부 노력,적절한 사례 + 대체로 원만,성실하고 자기주도 학습 있음,활동 참여 + 간단한 결과,도전 있음 + 성과 미흡,직무 이해 있음 + 부분 연결,개인 목표 중심의 설명,직무와 역량의 논리적 연결 + 사례,구체적이나 직무 연계 약함,현실적 비전 제시,기여방안 있으나 설명 부족,경험 나열 중심,역량 언급 있으나 약함,해결 노력은 있으나 미흡
7/2/2025 11:54:34,07,07,명확하고 긍정적인 가치관 + 구체적 사례,영향 관계 명확 + 구체적 설명,"경험만 나열, 의미 부족",장점 명확 + 사례 적당,극복 의지 있음 + 일부 노력,적절한 사례 + 대체로 원만,성실하고 자기주도 학습 있음,활동 참여 + 간단한 결과,"노력 부족, 결과 없음",직무 또는 회사 이해 부족,단순 관심 표현,적절한 역량 + 일부 연계,목표 있으나 막연함,개인적 희망 수준,의지는 있으나 구체성 부족,실무 연결 부족,관련 역량 없음,해결 노력은 있으나 미흡
7/2/2025 12:13:33,07,08,가치관 명확 + 간단한 사례,영향 관계 보통 + 적당한 설명,"경험만 나열, 의미 부족",장점 명확 + 사례 적당,극복 의지 있음 + 일부 노력,적절한 사례 + 대체로 원만,성실하고 자기주도 학습 있음,활동 참여 + 간단한 결과,"노력 부족, 결과 없음",직무 또는 회사 이해 부족,단순 관심 표현,적절한 역량 + 일부 연계,형식적 목표 제시,비전 없음,의지는 있으나 구체성 부족,경험 나열 중심,역량 언급 있으나 약함,해결 노력은 있으나 미흡
7/2/2025 12:16:51,07,09,가치관은 있으나 애매하거나 사례 부족,영향은 있으나 논리 부족 단편적 언급 + 설명 없음 영향 설명 없음,"경험만 나열, 의미 부족",장점 기술은 있으나 일반적,단점만 있고 개선 없음,대인관계 소극적 묘사,"노력 부족, 피동적 학습",활동 언급만 있고 내용 부족 활동 없음,"노력 부족, 결과 없음",피상적 이해 + 단순 지원,억지스러운 설명,"역량만 나열, 직무 연결 부족 연계성 약함",형식적 목표 제시,막연하거나 비현실적,기여 언급만 존재,경험 나열 중심,관련 역량 없음,"문제만 제시, 해결 없음"
7/2/2025 12:50:49,07,10,가치관 명확 + 간단한 사례,영향은 있으나 논리 부족 단편적 언급 + 설명 없음 영향 설명 없음,"경험만 나열, 의미 부족",장점 애매하거나 연관 없음,단점만 있고 개선 없음,대인관계 소극적 묘사,일반적인 학습 서술,활동 경험 있음 + 서술 미흡,"노력 부족, 결과 없음",피상적 이해 + 단순 지원,단순 관심 표현,"역량만 나열, 직무 연결 부족 연계성 약함",형식적 목표 제시,막연하거나 비현실적,기여 의식 없음,실무 연결 부족,역량 언급 있으나 약함,문제 인식 또는 해결 없음
7/2/2025 11:28:20,06,01,명확하고 긍정적인 가치관 + 구체적 사례,영향 관계 보통 + 적당한 설명,특별한 경험 + 뚜렷한 성찰,직무 연계 + 구체 사례로 강점 증명,"단점 나열 중심, 노력 미흡",대인관계 우수 사례 + 긍정적 결과,전공과 연계된 주도적 학습 경험,활동 적극적 참여 + 구체 성과,뚜렷한 도전 + 성과/교훈 존재,회사 특성과 직무 정확히 이해 + 본인 연결,본인 경험/가치와 연결된 명확한 동기,본인의 역량이 직무와 잘 맞는지 서술,구체적 + 회사 내 역할 연결,회사 발전과 연계된 비전 + 실현 가능성,회사에 대한 이해 + 구체 기여방안,실무 경험 + 성과 및 배움 있음,직무 필수 역량 다수 보유 + 활용 경험,문제 해결 과정 명확 + 결과 도출
7/2/2025 11:31:33,06,02,명확하고 긍정적인 가치관 + 구체적 사례,영향 관계 보통 + 적당한 설명,특별한 경험 + 뚜렷한 성찰,직무 연계 + 구체 사례로 강점 증명,단점 숨기거나 책임 전가,대인관계 우수 사례 + 긍정적 결과,전공과 연계된 주도적 학습 경험,활동 적극적 참여 + 구체 성과,뚜렷한 도전 + 성과/교훈 존재,회사 특성과 직무 정확히 이해 + 본인 연결,본인 경험/가치와 연결된 명확한 동기,본인의 역량이 직무와 잘 맞는지 서술,구체적 + 회사 내 역할 연결,회사 발전과 연계된 비전 + 실현 가능성,회사에 대한 이해 + 구체 기여방안,실무 경험 + 성과 및 배움 있음,직무 필수 역량 다수 보유 + 활용 경험,문제 해결 과정 명확 + 결과 도출
7/2/2025 11:33:02,06,03,명확하고 긍정적인 가치관 + 구체적 사례,영향 관계 보통 + 적당한 설명,특별한 경험 + 뚜렷한 성찰,직무 연계 + 구체 사례로 강점 증명,단점만 있고 개선 없음,대인관계 우수 사례 + 긍정적 결과,전공과 연계된 주도적 학습 경험,활동 적극적 참여 + 구체 성과,뚜렷한 도전 + 성과/교훈 존재,회사 특성과 직무 정확히 이해 + 본인 연결,본인 경험/가치와 연결된 명확한 동기,본인의 역량이 직무와 잘 맞는지 서술,구체적 + 회사 내 역할 연결,회사 발전과 연계된 비전 + 실현 가능성,회사에 대한 이해 + 구체 기여방안,실무 경험 + 성과 및 배움 있음,직무 필수 역량 다수 보유 + 활용 경험,문제 해결 과정 명확 + 결과 도출
7/2/2025 11:35:04,06,04,명확하고 긍정적인 가치관 + 구체적 사례,영향 관계 보통 + 적당한 설명,특별한 경험 + 뚜렷한 성찰,직무 연계 + 구체 사례로 강점 증명,단점 숨기거나 책임 전가,대인관계 우수 사례 + 긍정적 결과,전공과 연계된 주도적 학습 경험,활동 적극적 참여 + 구체 성과,뚜렷한 도전 + 성과/교훈 존재,회사 특성과 직무 정확히 이해 + 본인 연결,본인 경험/가치와 연결된 명확한 동기,본인의 역량이 직무와 잘 맞는지 서술,구체적 + 회사 내 역할 연결,회사 발전과 연계된 비전 + 실현 가능성,회사에 대한 이해 + 구체 기여방안,실무 경험 + 성과 및 배움 있음,직무 필수 역량 다수 보유 + 활용 경험,문제 해결 과정 명확 + 결과 도출
7/2/2025 11:43:07,06,05,명확하고 긍정적인 가치관 + 구체적 사례,영향 관계 보통 + 적당한 설명,특별한 경험 + 뚜렷한 성찰,직무 연계 + 구체 사례로 강점 증명,단점 숨기거나 책임 전가,대인관계 우수 사례 + 긍정적 결과,전공과 연계된 주도적 학습 경험,활동 적극적 참여 + 구체 성과,뚜렷한 도전 + 성과/교훈 존재,회사 특성과 직무 정확히 이해 + 본인 연결,본인 경험/가치와 연결된 명확한 동기,본인의 역량이 직무와 잘 맞는지 서술,구체적 + 회사 내 역할 연결,회사 발전과 연계된 비전 + 실현 가능성,회사에 대한 이해 + 구체 기여방안,실무 경험 + 성과 및 배움 있음,직무 필수 역량 다수 보유 + 활용 경험,문제 해결 과정 명확 + 결과 도출
7/2/2025 11:52:49,06,06,가치관 명확 + 간단한 사례,영향 관계 보통 + 적당한 설명,특별한 경험 + 뚜렷한 성찰,직무 연계 + 구체 사례로 강점 증명,단점만 있고 개선 없음,대인관계 우수 사례 + 긍정적 결과,전공과 연계된 주도적 학습 경험,활동 적극적 참여 + 구체 성과,뚜렷한 도전 + 성과/교훈 존재,회사 특성과 직무 정확히 이해 + 본인 연결,본인 경험/가치와 연결된 명확한 동기,본인의 역량이 직무와 잘 맞는지 서술,구체적 + 회사 내 역할 연결,회사 발전과 연계된 비전 + 실현 가능성,회사에 대한 이해 + 구체 기여방안,실무 경험 + 성과 및 배움 있음,직무 필수 역량 다수 보유 + 활용 경험,문제 해결 과정 명확 + 결과 도출
7/2/2025 11:54:00,06,07,가치관 명확 + 간단한 사례,영향 관계 보통 + 적당한 설명,경험은 있음 + 부분적 성찰,장점 명확 + 사례 적당,단점만 있고 개선 없음,적절한 사례 + 대체로 원만,성실하고 자기주도 학습 있음,활동 적극적 참여 + 구체 성과,도전 있음 + 성과 미흡,직무 또는 회사 이해 부족,개인 목표 중심의 설명,직무와 역량의 논리적 연결 + 사례,목표 있으나 막연함,개인적 희망 수준,의지는 있으나 구체성 부족,경험 나열 중심,관련 역량 보유 + 일부 활용,문제 인식 및 일부 해결 경험
7/2/2025 11:56:19,06,08,명확하고 긍정적인 가치관 + 구체적 사례,영향 관계 보통 + 적당한 설명,특별한 경험 + 뚜렷한 성찰,직무 연계 + 구체 사례로 강점 증명,단점만 있고 개선 없음,대인관계 우수 사례 + 긍정적 결과,전공과 연계된 주도적 학습 경험,활동 적극적 참여 + 구체 성과,뚜렷한 도전 + 성과/교훈 존재,회사 특성과 직무 정확히 이해 + 본인 연결,본인 경험/가치와 연결된 명확한 동기,본인의 역량이 직무와 잘 맞는지 서술,구체적 + 회사 내 역할 연결,회사 발전과 연계된 비전 + 실현 가능성,회사에 대한 이해 + 구체 기여방안,실무 경험 + 성과 및 배움 있음,직무 필수 역량 다수 보유 + 활용 경험,문제 해결 과정 명확 + 결과 도출
7/2/2025 11:58:10,06,09,명확하고 긍정적인 가치관 + 구체적 사례,영향 관계 보통 + 적당한 설명,특별한 경험 + 뚜렷한 성찰,직무 연계 + 구체 사례로 강점 증명,단점만 있고 개선 없음,대인관계 우수 사례 + 긍정적 결과,전공과 연계된 주도적 학습 경험,활동 적극적 참여 + 구체 성과,뚜렷한 도전 + 성과/교훈 존재,회사 특성과 직무 정확히 이해 + 본인 연결,본인 경험/가치와 연결된 명확한 동기,본인의 역량이 직무와 잘 맞는지 서술,구체적 + 회사 내 역할 연결,회사 발전과 연계된 비전 + 실현 가능성,회사에 대한 이해 + 구체 기여방안,실무 경험 + 성과 및 배움 있음,직무 필수 역량 다수 보유 + 활용 경험,문제 해결 과정 명확 + 결과 도출
7/2/2025 12:02:46,06,10,가치관은 있으나 애매하거나 사례 부족,영향 설명 없음,"경험만 나열, 의미 부족",장점 기술은 있으나 일반적,단점 숨기거나 책임 전가,"사례 부족, 원론적 설명 대인관계 소극적 묘사 부정적 내용 포함",일반적인 학습 서술,활동 경험 있음 + 서술 미흡,경험 기술은 있으나 성과 미흡,피상적 이해 + 단순 지원,단순 관심 표현,적절한 역량 + 일부 연계,형식적 목표 제시,막연하거나 비현실적,기여 언급만 존재,경험 나열 중심,역량 언급 있으나 약함,문제 인식 또는 해결 없음
7/2/2025 12:05:52,06,12,가치관은 있으나 애매하거나 사례 부족,영향은 있으나 논리 부족 단편적 언급 + 설명 없음 영향 설명 없음,"경험만 나열, 의미 부족",장점 기술은 있으나 일반적,단점만 있고 개선 없음,대인관계 소극적 묘사,일반적인 학습 서술,활동 경험 있음 + 서술 미흡,경험 기술은 있으나 성과 미흡,"이해도 없음, 복붙 의심",동기 없음 또는 불성실,역량 또는 직무 언급 없음,목표 없음,비전 없음,기여 의식 없음,경험 없음,관련 역량 없음,문제 인식 또는 해결 없음
7/2/2025 12:08:04,06,13,가치관 불분명 + 사례 없음,단편적 언급 + 설명 없음,"경험 모호, 연결 안 됨",장점 없음 또는 부정적 표현,단점 숨기거나 책임 전가,부정적 내용 포함,"노력 부족, 피동적 학습",활동 없음,도전 경험 없음,"이해도 없음, 복붙 의심",동기 없음 또는 불성실,역량 또는 직무 언급 없음,목표 없음,비전 없음,기여 의식 없음,경험 없음,관련 역량 없음,문제 인식 또는 해결 없음
7/2/2025 12:11:41,06,14,가치관 불분명 + 사례 없음,단편적 언급 + 설명 없음,"경험 모호, 연결 안 됨",장점 애매하거나 연관 없음,단점 숨기거나 책임 전가,부정적 내용 포함,일반적인 학습 서술,활동 없음,"노력 부족, 결과 없음","이해도 없음, 복붙 의심",억지스러운 설명,"역량만 나열, 직무 연결 부족 연계성 약함",목표 없음,비전 없음,기여 의식 없음,경험 없음,자격 보유만 있고 활용 미흡,문제 인식 또는 해결 없음
7/2/2025 12:13:47,06,15,가치관 불분명 + 사례 없음,영향 설명 없음,"경험 모호, 연결 안 됨",장점 없음 또는 부정적 표현,단점 숨기거나 책임 전가,부정적 내용 포함,"노력 부족, 피동적 학습",활동 언급만 있고 내용 부족 활동 없음,"노력 부족, 결과 없음","이해도 없음, 복붙 의심",동기 없음 또는 불성실,역량 또는 직무 언급 없음,목표 없음,비전 없음,기여 의식 없음,경험 없음,자격 보유만 있고 활용 미흡,문제 인식 또는 해결 없음
7/2/2025 12:29:55,06,16,가치관 불분명 + 사례 없음,영향 설명 없음,전환점 부재,장점 없음 또는 부정적 표현,단점 숨기거나 책임 전가,대인관계 소극적 묘사,"노력 부족, 피동적 학습",활동 언급만 있고 내용 부족 활동 없음,"노력 부족, 결과 없음","이해도 없음, 복붙 의심",동기 없음 또는 불성실,역량 또는 직무 언급 없음,목표 없음,비전 없음,기여 의식 없음,경험 없음,관련 역량 없음,문제 인식 또는 해결 없음
7/2/2025 12:31:38,06,17,가치관 불분명 + 사례 없음,영향 설명 없음,"경험 모호, 연결 안 됨",장점 애매하거나 연관 없음,단점 숨기거나 책임 전가,부정적 내용 포함,"노력 부족, 피동적 학습",활동 언급만 있고 내용 부족 활동 없음,"노력 부족, 결과 없음","이해도 없음, 복붙 의심",동기 없음 또는 불성실,역량 또는 직무 언급 없음,목표 없음,비전 없음,기여 의식 없음,경험 없음,자격 보유만 있고 활용 미흡,문제 인식 또는 해결 없음
7/2/2025 12:34:18,06,18,가치관은 있으나 애매하거나 사례 부족,단편적 언급 + 설명 없음,"경험 모호, 연결 안 됨",장점 애매하거나 연관 없음,단점 숨기거나 책임 전가,대인관계 소극적 묘사,일반적인 학습 서술,활동 언급만 있고 내용 부족 활동 없음,"노력 부족, 결과 없음",피상적 이해 + 단순 지원,단순 관심 표현,"역량만 나열, 직무 연결 부족 연계성 약함",형식적 목표 제시,개인적 희망 수준,기여 언급만 존재,경험 없음,자격 보유만 있고 활용 미흡,문제 인식 또는 해결 없음
7/2/2025 12:37:47,06,19,가치관 명확 + 간단한 사례,영향은 있으나 논리 부족 단편적 언급 + 설명 없음 영향 설명 없음,"경험만 나열, 의미 부족",장점 기술은 있으나 일반적,단점 숨기거나 책임 전가,"사례 부족, 원론적 설명 대인관계 소극적 묘사 부정적 내용 포함",학업 태도 언급 없음,활동 경험 있음 + 서술 미흡,경험 기술은 있으나 성과 미흡,"이해도 없음, 복붙 의심",억지스러운 설명,"역량만 나열, 직무 연결 부족 연계성 약함",형식적 목표 제시,막연하거나 비현실적,기여 의식 없음,경험 나열 중심,자격 보유만 있고 활용 미흡,문제 인식 또는 해결 없음
7/2/2025 12:42:02,06,20,가치관은 있으나 애매하거나 사례 부족,단편적 언급 + 설명 없음,"경험 모호, 연결 안 됨",장점 기술은 있으나 일반적,단점 숨기거나 책임 전가,"사례 부족, 원론적 설명 대인관계 소극적 묘사 부정적 내용 포함","노력 부족, 피동적 학습",활동 경험 있음 + 서술 미흡,"노력 부족, 결과 없음","이해도 없음, 복붙 의심",억지스러운 설명,"역량만 나열, 직무 연결 부족 연계성 약함",형식적 목표 제시,막연하거나 비현실적,기여 의식 없음,실무 연결 부족,자격 보유만 있고 활용 미흡,문제 인식 또는 해결 없음
7/2/2025 12:44:34,06,21,명확하고 긍정적인 가치관 + 구체적 사례,영향은 있으나 논리 부족 단편적 언급 + 설명 없음 영향 설명 없음,경험은 있음 + 부분적 성찰,직무 연계 + 구체 사례로 강점 증명,단점 숨기거나 책임 전가,대인관계 우수 사례 + 긍정적 결과,전공과 연계된 주도적 학습 경험,활동 적극적 참여 + 구체 성과,뚜렷한 도전 + 성과/교훈 존재,직무 또는 회사 이해 부족,단순 관심 표현,적절한 역량 + 일부 연계,형식적 목표 제시,막연하거나 비현실적,기여 언급만 존재,실무 경험 있음 + 적절 설명,관련 역량 보유 + 일부 활용,문제 인식 및 일부 해결 경험
7/2/2025 9:51:30,01,01,명확하고 긍정적인 가치관 + 구체적 사례,영향 관계 보통 + 적당한 설명,경험은 있음 + 부분적 성찰,직무 연계 + 구체 사례로 강점 증명,"단점 나열 중심, 노력 미흡",적절한 사례 + 대체로 원만,성실하고 자기주도 학습 있음,활동 적극적 참여 + 구체 성과,도전 있음 + 성과 미흡,직무 이해 있음 + 부분 연결,개인 목표 중심의 설명,본인의 역량이 직무와 잘 맞는지 서술,구체적이나 직무 연계 약함,현실적 비전 제시,의지는 있으나 구체성 부족,실무 경험 + 성과 및 배움 있음,관련 역량 보유 + 일부 활용,문제 인식 및 일부 해결 경험
7/2/2025 9:58:50,01,02,명확하고 긍정적인 가치관 + 구체적 사례,영향은 있으나 논리 부족 단편적 언급 + 설명 없음 영향 설명 없음,경험은 있음 + 부분적 성찰,직무 연계 + 구체 사례로 강점 증명,극복 의지 있음 + 일부 노력,적절한 사례 + 대체로 원만,성실하고 자기주도 학습 있음,활동 참여 + 간단한 결과,경험 기술은 있으나 성과 미흡,직무 이해 있음 + 부분 연결,개인 목표 중심의 설명,본인의 역량이 직무와 잘 맞는지 서술,구체적이나 직무 연계 약함,현실적 비전 제시,의지는 있으나 구체성 부족,실무 경험 있음 + 적절 설명,관련 역량 보유 + 일부 활용,해결 노력은 있으나 미흡
7/2/2025 10:05:34,01,03,명확하고 긍정적인 가치관 + 구체적 사례,영향 관계 보통 + 적당한 설명,경험은 있음 + 부분적 성찰,직무 연계 + 구체 사례로 강점 증명,솔직 + 뚜렷한 개선 과정,대인관계 우수 사례 + 긍정적 결과,성실하고 자기주도 학습 있음,활동 적극적 참여 + 구체 성과,도전 있음 + 성과 미흡,직무 이해 있음 + 부분 연결,본인 경험/가치와 연결된 명확한 동기,본인의 역량이 직무와 잘 맞는지 서술,구체적 + 회사 내 역할 연결,회사 발전과 연계된 비전 + 실현 가능성,기여방안 있으나 설명 부족,실무 경험 + 성과 및 배움 있음,관련 역량 보유 + 일부 활용,문제 해결 과정 명확 + 결과 도출
7/2/2025 10:18:27,01,04,명확하고 긍정적인 가치관 + 구체적 사례,영향 설명 없음,"경험만 나열, 의미 부족",장점 명확 + 사례 적당,솔직 + 뚜렷한 개선 과정,부정적 내용 포함,전공과 연계된 주도적 학습 경험,활동 경험 있음 + 서술 미흡,"노력 부족, 결과 없음",직무 이해 있음 + 부분 연결,본인 경험/가치와 연결된 명확한 동기,적절한 역량 + 일부 연계,구체적이나 직무 연계 약함,회사 발전과 연계된 비전 + 실현 가능성,회사에 대한 이해 + 구체 기여방안,경험 나열 중심,직무 필수 역량 다수 보유 + 활용 경험,"문제만 제시, 해결 없음"
7/2/2025 10:43:50,01,05,명확하고 긍정적인 가치관 + 구체적 사례,영향은 있으나 논리 부족 단편적 언급 + 설명 없음 영향 설명 없음,경험은 있음 + 부분적 성찰,직무 연계 + 구체 사례로 강점 증명,솔직 + 뚜렷한 개선 과정,적절한 사례 + 대체로 원만,성실하고 자기주도 학습 있음,활동 경험 있음 + 서술 미흡,뚜렷한 도전 + 성과/교훈 존재,직무 이해 있음 + 부분 연결,본인 경험/가치와 연결된 명확한 동기,본인의 역량이 직무와 잘 맞는지 서술,구체적 + 회사 내 역할 연결,회사 발전과 연계된 비전 + 실현 가능성,기여방안 있으나 설명 부족,실무 경험 + 성과 및 배움 있음,직무 필수 역량 다수 보유 + 활용 경험,문제 해결 과정 명확 + 결과 도출
7/2/2025 10:47:04,01,06,명확하고 긍정적인 가치관 + 구체적 사례,영향은 있으나 논리 부족 단편적 언급 + 설명 없음 영향 설명 없음,경험은 있음 + 부분적 성찰,직무 연계 + 구체 사례로 강점 증명,솔직 + 뚜렷한 개선 과정,적절한 사례 + 대체로 원만,전공과 연계된 주도적 학습 경험,활동 참여 + 간단한 결과,뚜렷한 도전 + 성과/교훈 존재,직무 이해 있음 + 부분 연결,본인 경험/가치와 연결된 명확한 동기,본인의 역량이 직무와 잘 맞는지 서술,구체적이나 직무 연계 약함,회사 발전과 연계된 비전 + 실현 가능성,기여방안 있으나 설명 부족,실무 경험 + 성과 및 배움 있음,직무 필수 역량 다수 보유 + 활용 경험,문제 인식 및 일부 해결 경험
7/2/2025 10:50:00,01,07,가치관 명확 + 간단한 사례,영향은 있으나 논리 부족 단편적 언급 + 설명 없음 영향 설명 없음,경험은 있음 + 부분적 성찰,직무 연계 + 구체 사례로 강점 증명,솔직 + 뚜렷한 개선 과정,적절한 사례 + 대체로 원만,전공과 연계된 주도적 학습 경험,활동 경험 있음 + 서술 미흡,도전 있음 + 성과 미흡,직무 이해 있음 + 부분 연결,본인 경험/가치와 연결된 명확한 동기,본인의 역량이 직무와 잘 맞는지 서술,구체적 + 회사 내 역할 연결,현실적 비전 제시,기여방안 있으나 설명 부족,실무 경험 + 성과 및 배움 있음,직무 필수 역량 다수 보유 + 활용 경험,문제 인식 및 일부 해결 경험
7/2/2025 10:56:23,01,08,가치관 명확 + 간단한 사례,영향은 있으나 논리 부족 단편적 언급 + 설명 없음 영향 설명 없음,경험은 있음 + 부분적 성찰,직무 연계 + 구체 사례로 강점 증명,솔직 + 뚜렷한 개선 과정,적절한 사례 + 대체로 원만,전공과 연계된 주도적 학습 경험,활동 참여 + 간단한 결과,도전 있음 + 성과 미흡,직무 이해 있음 + 부분 연결,본인 경험/가치와 연결된 명확한 동기,본인의 역량이 직무와 잘 맞는지 서술,구체적이나 직무 연계 약함,회사 발전과 연계된 비전 + 실현 가능성,기여방안 있으나 설명 부족,실무 경험 + 성과 및 배움 있음,직무 필수 역량 다수 보유 + 활용 경험,문제 인식 및 일부 해결 경험
7/2/2025 10:59:08,01,09,명확하고 긍정적인 가치관 + 구체적 사례,영향 관계 명확 + 구체적 설명,특별한 경험 + 뚜렷한 성찰,직무 연계 + 구체 사례로 강점 증명,솔직 + 뚜렷한 개선 과정,대인관계 우수 사례 + 긍정적 결과,전공과 연계된 주도적 학습 경험,활동 적극적 참여 + 구체 성과,뚜렷한 도전 + 성과/교훈 존재,직무 이해 있음 + 부분 연결,본인 경험/가치와 연결된 명확한 동기,본인의 역량이 직무와 잘 맞는지 서술,구체적 + 회사 내 역할 연결,현실적 비전 제시,회사에 대한 이해 + 구체 기여방안,실무 경험 + 성과 및 배움 있음,직무 필수 역량 다수 보유 + 활용 경험,문제 해결 과정 명확 + 결과 도출
7/2/2025 11:02:43,01,10,명확하고 긍정적인 가치관 + 구체적 사례,영향 관계 명확 + 구체적 설명,특별한 경험 + 뚜렷한 성찰,직무 연계 + 구체 사례로 강점 증명,솔직 + 뚜렷한 개선 과정,적절한 사례 + 대체로 원만,전공과 연계된 주도적 학습 경험,활동 참여 + 간단한 결과,뚜렷한 도전 + 성과/교훈 존재,회사 특성과 직무 정확히 이해 + 본인 연결,본인 경험/가치와 연결된 명확한 동기,본인의 역량이 직무와 잘 맞는지 서술,구체적 + 회사 내 역할 연결,회사 발전과 연계된 비전 + 실현 가능성,기여방안 있으나 설명 부족,실무 경험 있음 + 적절 설명,직무 필수 역량 다수 보유 + 활용 경험,문제 해결 과정 명확 + 결과 도출
7/2/2025 11:05:03,01,19,명확하고 긍정적인 가치관 + 구체적 사례,영향 관계 보통 + 적당한 설명,특별한 경험 + 뚜렷한 성찰,직무 연계 + 구체 사례로 강점 증명,솔직 + 뚜렷한 개선 과정,대인관계 우수 사례 + 긍정적 결과,전공과 연계된 주도적 학습 경험,활동 적극적 참여 + 구체 성과,뚜렷한 도전 + 성과/교훈 존재,직무 이해 있음 + 부분 연결,본인 경험/가치와 연결된 명확한 동기,본인의 역량이 직무와 잘 맞는지 서술,구체적 + 회사 내 역할 연결,회사 발전과 연계된 비전 + 실현 가능성,회사에 대한 이해 + 구체 기여방안,실무 경험 + 성과 및 배움 있음,직무 필수 역량 다수 보유 + 활용 경험,문제 해결 과정 명확 + 결과 도출
7/2/2025 11:07:36,01,12,명확하고 긍정적인 가치관 + 구체적 사례,영향은 있으나 논리 부족 단편적 언급 + 설명 없음 영향 설명 없음,경험은 있음 + 부분적 성찰,직무 연계 + 구체 사례로 강점 증명,솔직 + 뚜렷한 개선 과정,대인관계 우수 사례 + 긍정적 결과,전공과 연계된 주도적 학습 경험,활동 적극적 참여 + 구체 성과,뚜렷한 도전 + 성과/교훈 존재,직무 이해 있음 + 부분 연결,본인 경험/가치와 연결된 명확한 동기,본인의 역량이 직무와 잘 맞는지 서술,구체적 + 회사 내 역할 연결,회사 발전과 연계된 비전 + 실현 가능성,회사에 대한 이해 + 구체 기여방안,실무 경험 + 성과 및 배움 있음,직무 필수 역량 다수 보유 + 활용 경험,문제 해결 과정 명확 + 결과 도출
7/2/2025 11:09:20,01,18,가치관 명확 + 간단한 사례,영향은 있으나 논리 부족 단편적 언급 + 설명 없음 영향 설명 없음,경험은 있음 + 부분적 성찰,장점 명확 + 사례 적당,단점만 있고 개선 없음,적절한 사례 + 대체로 원만,성실하고 자기주도 학습 있음,활동 참여 + 간단한 결과,도전 있음 + 성과 미흡,직무 이해 있음 + 부분 연결,본인 경험/가치와 연결된 명확한 동기,직무와 역량의 논리적 연결 + 사례,구체적 + 회사 내 역할 연결,회사 발전과 연계된 비전 + 실현 가능성,기여방안 있으나 설명 부족,실무 경험 있음 + 적절 설명,관련 역량 보유 + 일부 활용,문제 인식 및 일부 해결 경험
7/2/2025 11:11:06,01,21,명확하고 긍정적인 가치관 + 구체적 사례,영향 관계 명확 + 구체적 설명,특별한 경험 + 뚜렷한 성찰,직무 연계 + 구체 사례로 강점 증명,솔직 + 뚜렷한 개선 과정,적절한 사례 + 대체로 원만,전공과 연계된 주도적 학습 경험,활동 참여 + 간단한 결과,뚜렷한 도전 + 성과/교훈 존재,회사 특성과 직무 정확히 이해 + 본인 연결,본인 경험/가치와 연결된 명확한 동기,본인의 역량이 직무와 잘 맞는지 서술,구체적 + 회사 내 역할 연결,회사 발전과 연계된 비전 + 실현 가능성,회사에 대한 이해 + 구체 기여방안,실무 경험 있음 + 적절 설명,관련 역량 보유 + 일부 활용,문제 인식 및 일부 해결 경험
7/2/2025 11:12:19,01,22,명확하고 긍정적인 가치관 + 구체적 사례,영향 관계 보통 + 적당한 설명,특별한 경험 + 뚜렷한 성찰,직무 연계 + 구체 사례로 강점 증명,솔직 + 뚜렷한 개선 과정,대인관계 우수 사례 + 긍정적 결과,전공과 연계된 주도적 학습 경험,활동 적극적 참여 + 구체 성과,뚜렷한 도전 + 성과/교훈 존재,회사 특성과 직무 정확히 이해 + 본인 연결,본인 경험/가치와 연결된 명확한 동기,본인의 역량이 직무와 잘 맞는지 서술,구체적 + 회사 내 역할 연결,회사 발전과 연계된 비전 + 실현 가능성,회사에 대한 이해 + 구체 기여방안,실무 경험 + 성과 및 배움 있음,직무 필수 역량 다수 보유 + 활용 경험,문제 해결 과정 명확 + 결과 도출
7/2/2025 11:15:15,01,23,명확하고 긍정적인 가치관 + 구체적 사례,영향은 있으나 논리 부족 단편적 언급 + 설명 없음 영향 설명 없음,특별한 경험 + 뚜렷한 성찰,직무 연계 + 구체 사례로 강점 증명,극복 의지 있음 + 일부 노력,대인관계 우수 사례 + 긍정적 결과,전공과 연계된 주도적 학습 경험,활동 참여 + 간단한 결과,뚜렷한 도전 + 성과/교훈 존재,회사 특성과 직무 정확히 이해 + 본인 연결,본인 경험/가치와 연결된 명확한 동기,본인의 역량이 직무와 잘 맞는지 서술,구체적 + 회사 내 역할 연결,회사 발전과 연계된 비전 + 실현 가능성,회사에 대한 이해 + 구체 기여방안,실무 경험 + 성과 및 배움 있음,직무 필수 역량 다수 보유 + 활용 경험,문제 해결 과정 명확 + 결과 도출
7/2/2025 11:17:23,01,24,명확하고 긍정적인 가치관 + 구체적 사례,영향 관계 보통 + 적당한 설명,경험은 있음 + 부분적 성찰,직무 연계 + 구체 사례로 강점 증명,솔직 + 뚜렷한 개선 과정,적절한 사례 + 대체로 원만,전공과 연계된 주도적 학습 경험,활동 참여 + 간단한 결과,뚜렷한 도전 + 성과/교훈 존재,회사 특성과 직무 정확히 이해 + 본인 연결,본인 경험/가치와 연결된 명확한 동기,본인의 역량이 직무와 잘 맞는지 서술,구체적 + 회사 내 역할 연결,현실적 비전 제시,회사에 대한 이해 + 구체 기여방안,실무 경험 있음 + 적절 설명,직무 필수 역량 다수 보유 + 활용 경험,문제 해결 과정 명확 + 결과 도출
7/2/2025 11:18:39,01,25,명확하고 긍정적인 가치관 + 구체적 사례,영향은 있으나 논리 부족 단편적 언급 + 설명 없음 영향 설명 없음,특별한 경험 + 뚜렷한 성찰,직무 연계 + 구체 사례로 강점 증명,극복 의지 있음 + 일부 노력,대인관계 우수 사례 + 긍정적 결과,전공과 연계된 주도적 학습 경험,활동 적극적 참여 + 구체 성과,뚜렷한 도전 + 성과/교훈 존재,회사 특성과 직무 정확히 이해 + 본인 연결,본인 경험/가치와 연결된 명확한 동기,본인의 역량이 직무와 잘 맞는지 서술,구체적 + 회사 내 역할 연결,회사 발전과 연계된 비전 + 실현 가능성,회사에 대한 이해 + 구체 기여방안,실무 경험 + 성과 및 배움 있음,직무 필수 역량 다수 보유 + 활용 경험,문제 해결 과정 명확 + 결과 도출
7/2/2025 11:20:26,01,26,명확하고 긍정적인 가치관 + 구체적 사례,영향은 있으나 논리 부족 단편적 언급 + 설명 없음 영향 설명 없음,경험은 있음 + 부분적 성찰,직무 연계 + 구체 사례로 강점 증명,솔직 + 뚜렷한 개선 과정,대인관계 우수 사례 + 긍정적 결과,전공과 연계된 주도적 학습 경험,활동 적극적 참여 + 구체 성과,도전 있음 + 성과 미흡,직무 이해 있음 + 부분 연결,본인 경험/가치와 연결된 명확한 동기,본인의 역량이 직무와 잘 맞는지 서술,구체적 + 회사 내 역할 연결,회사 발전과 연계된 비전 + 실현 가능성,회사에 대한 이해 + 구체 기여방안,실무 경험 + 성과 및 배움 있음,직무 필수 역량 다수 보유 + 활용 경험,문제 해결 과정 명확 + 결과 도출
7/2/2025 11:25:13,01,27,명확하고 긍정적인 가치관 + 구체적 사례,영향은 있으나 논리 부족 단편적 언급 + 설명 없음 영향 설명 없음,특별한 경험 + 뚜렷한 성찰,직무 연계 + 구체 사례로 강점 증명,극복 의지 있음 + 일부 노력,대인관계 우수 사례 + 긍정적 결과,전공과 연계된 주도적 학습 경험,활동 적극적 참여 + 구체 성과,뚜렷한 도전 + 성과/교훈 존재,회사 특성과 직무 정확히 이해 + 본인 연결,본인 경험/가치와 연결된 명확한 동기,본인의 역량이 직무와 잘 맞는지 서술,구체적 + 회사 내 역할 연결,회사 발전과 연계된 비전 + 실현 가능성,회사에 대한 이해 + 구체 기여방안,실무 경험 있음 + 적절 설명,직무 필수 역량 다수 보유 + 활용 경험,문제 해결 과정 명확 + 결과 도출
7/2/2025 11:28:17,01,28,가치관 명확 + 간단한 사례,영향은 있으나 논리 부족 단편적 언급 + 설명 없음 영향 설명 없음,특별한 경험 + 뚜렷한 성찰,직무 연계 + 구체 사례로 강점 증명,극복 의지 있음 + 일부 노력,대인관계 우수 사례 + 긍정적 결과,전공과 연계된 주도적 학습 경험,활동 적극적 참여 + 구체 성과,뚜렷한 도전 + 성과/교훈 존재,직무 이해 있음 + 부분 연결,본인 경험/가치와 연결된 명확한 동기,본인의 역량이 직무와 잘 맞는지 서술,구체적 + 회사 내 역할 연결,회사 발전과 연계된 비전 + 실현 가능성,회사에 대한 이해 + 구체 기여방안,실무 경험 + 성과 및 배움 있음,직무 필수 역량 다수 보유 + 활용 경험,문제 해결 과정 명확 + 결과 도출
7/2/2025 11:32:51,01,29,명확하고 긍정적인 가치관 + 구체적 사례,영향 관계 명확 + 구체적 설명,특별한 경험 + 뚜렷한 성찰,직무 연계 + 구체 사례로 강점 증명,솔직 + 뚜렷한 개선 과정,대인관계 우수 사례 + 긍정적 결과,전공과 연계된 주도적 학습 경험,활동 적극적 참여 + 구체 성과,뚜렷한 도전 + 성과/교훈 존재,회사 특성과 직무 정확히 이해 + 본인 연결,본인 경험/가치와 연결된 명확한 동기,본인의 역량이 직무와 잘 맞는지 서술,구체적 + 회사 내 역할 연결,회사 발전과 연계된 비전 + 실현 가능성,회사에 대한 이해 + 구체 기여방안,실무 경험 + 성과 및 배움 있음,직무 필수 역량 다수 보유 + 활용 경험,문제 해결 과정 명확 + 결과 도출
7/2/2025 11:36:29,01,30,명확하고 긍정적인 가치관 + 구체적 사례,영향은 있으나 논리 부족 단편적 언급 + 설명 없음 영향 설명 없음,경험은 있음 + 부분적 성찰,직무 연계 + 구체 사례로 강점 증명,극복 의지 있음 + 일부 노력,대인관계 우수 사례 + 긍정적 결과,성실하고 자기주도 학습 있음,활동 적극적 참여 + 구체 성과,뚜렷한 도전 + 성과/교훈 존재,회사 특성과 직무 정확히 이해 + 본인 연결,본인 경험/가치와 연결된 명확한 동기,본인의 역량이 직무와 잘 맞는지 서술,구체적 + 회사 내 역할 연결,회사 발전과 연계된 비전 + 실현 가능성,회사에 대한 이해 + 구체 기여방안,실무 경험 + 성과 및 배움 있음,직무 필수 역량 다수 보유 + 활용 경험,문제 해결 과정 명확 + 결과 도출
7/2/2025 10:40:09,15,1,가치관 명확 + 간단한 사례,영향 관계 보통 + 적당한 설명,특별한 경험 + 뚜렷한 성찰,직무 연계 + 구체 사례로 강점 증명,극복 의지 있음 + 일부 노력,대인관계 우수 사례 + 긍정적 결과,성실하고 자기주도 학습 있음,활동 참여 + 간단한 결과,도전 있음 + 성과 미흡,직무 이해 있음 + 부분 연결,개인 목표 중심의 설명,적절한 역량 + 일부 연계,구체적이나 직무 연계 약함,현실적 비전 제시,의지는 있으나 구체성 부족,실무 경험 있음 + 적절 설명,관련 역량 보유 + 일부 활용,문제 인식 및 일부 해결 경험
7/2/2025 10:44:28,15,2,명확하고 긍정적인 가치관 + 구체적 사례,영향 관계 보통 + 적당한 설명,특별한 경험 + 뚜렷한 성찰,직무 연계 + 구체 사례로 강점 증명,솔직 + 뚜렷한 개선 과정,대인관계 우수 사례 + 긍정적 결과,전공과 연계된 주도적 학습 경험,활동 적극적 참여 + 구체 성과,뚜렷한 도전 + 성과/교훈 존재,직무 이해 있음 + 부분 연결,본인 경험/가치와 연결된 명확한 동기,직무와 역량의 논리적 연결 + 사례,구체적이나 직무 연계 약함,현실적 비전 제시,의지는 있으나 구체성 부족,실무 경험 있음 + 적절 설명,관련 역량 보유 + 일부 활용,해결 노력은 있으나 미흡
7/2/2025 10:47:55,15,3,가치관은 있으나 애매하거나 사례 부족,단편적 언급 + 설명 없음,"경험만 나열, 의미 부족",장점 명확 + 사례 적당,단점만 있고 개선 없음,대인관계 우수 사례 + 긍정적 결과,성실하고 자기주도 학습 있음,활동 언급만 있고 내용 부족 활동 없음,"노력 부족, 결과 없음",직무 또는 회사 이해 부족,단순 관심 표현,적절한 역량 + 일부 연계,목표 있으나 막연함,막연하거나 비현실적,의지는 있으나 구체성 부족,경험 나열 중심,자격 보유만 있고 활용 미흡,"문제만 제시, 해결 없음"
7/2/2025 10:58:40,15,4,명확하고 긍정적인 가치관 + 구체적 사례,영향 관계 보통 + 적당한 설명,특별한 경험 + 뚜렷한 성찰,직무 연계 + 구체 사례로 강점 증명,솔직 + 뚜렷한 개선 과정,대인관계 우수 사례 + 긍정적 결과,전공과 연계된 주도적 학습 경험,활동 참여 + 간단한 결과,뚜렷한 도전 + 성과/교훈 존재,회사 특성과 직무 정확히 이해 + 본인 연결,본인 경험/가치와 연결된 명확한 동기,본인의 역량이 직무와 잘 맞는지 서술,구체적 + 회사 내 역할 연결,회사 발전과 연계된 비전 + 실현 가능성,회사에 대한 이해 + 구체 기여방안,실무 경험 + 성과 및 배움 있음,직무 필수 역량 다수 보유 + 활용 경험,문제 인식 및 일부 해결 경험
7/2/2025 11:05:36,15,5,가치관은 있으나 애매하거나 사례 부족,단편적 언급 + 설명 없음,"경험만 나열, 의미 부족",장점 명확 + 사례 적당,단점만 있고 개선 없음,적절한 사례 + 대체로 원만,성실하고 자기주도 학습 있음,활동 경험 있음 + 서술 미흡,도전 있음 + 성과 미흡,직무 또는 회사 이해 부족,단순 관심 표현,적절한 역량 + 일부 연계,목표 있으나 막연함,막연하거나 비현실적,의지는 있으나 구체성 부족,실무 경험 있음 + 적절 설명,역량 언급 있으나 약함,"문제만 제시, 해결 없음"
7/2/2025 11:07:24,15,6,명확하고 긍정적인 가치관 + 구체적 사례,영향 관계 보통 + 적당한 설명,특별한 경험 + 뚜렷한 성찰,직무 연계 + 구체 사례로 강점 증명,솔직 + 뚜렷한 개선 과정,대인관계 우수 사례 + 긍정적 결과,성실하고 자기주도 학습 있음,활동 적극적 참여 + 구체 성과,뚜렷한 도전 + 성과/교훈 존재,회사 특성과 직무 정확히 이해 + 본인 연결,본인 경험/가치와 연결된 명확한 동기,본인의 역량이 직무와 잘 맞는지 서술,구체적 + 회사 내 역할 연결,현실적 비전 제시,기여방안 있으나 설명 부족,실무 경험 + 성과 및 배움 있음,직무 필수 역량 다수 보유 + 활용 경험,문제 인식 및 일부 해결 경험
7/2/2025 11:09:04,15,7,명확하고 긍정적인 가치관 + 구체적 사례,영향 관계 보통 + 적당한 설명,특별한 경험 + 뚜렷한 성찰,직무 연계 + 구체 사례로 강점 증명,솔직 + 뚜렷한 개선 과정,대인관계 우수 사례 + 긍정적 결과,전공과 연계된 주도적 학습 경험,활동 적극적 참여 + 구체 성과,도전 있음 + 성과 미흡,회사 특성과 직무 정확히 이해 + 본인 연결,본인 경험/가치와 연결된 명확한 동기,본인의 역량이 직무와 잘 맞는지 서술,구체적 + 회사 내 역할 연결,현실적 비전 제시,회사에 대한 이해 + 구체 기여방안,실무 경험 + 성과 및 배움 있음,직무 필수 역량 다수 보유 + 활용 경험,문제 인식 및 일부 해결 경험
7/2/2025 11:10:32,15,8,명확하고 긍정적인 가치관 + 구체적 사례,영향 관계 보통 + 적당한 설명,특별한 경험 + 뚜렷한 성찰,직무 연계 + 구체 사례로 강점 증명,솔직 + 뚜렷한 개선 과정,대인관계 우수 사례 + 긍정적 결과,전공과 연계된 주도적 학습 경험,활동 적극적 참여 + 구체 성과,도전 있음 + 성과 미흡,직무 이해 있음 + 부분 연결,본인 경험/가치와 연결된 명확한 동기,직무와 역량의 논리적 연결 + 사례,구체적이나 직무 연계 약함,개인적 희망 수준,의지는 있으나 구체성 부족,실무 경험 있음 + 적절 설명,관련 역량 보유 + 일부 활용,해결 노력은 있으나 미흡
7/2/2025 11:12:12,15,9,명확하고 긍정적인 가치관 + 구체적 사례,영향 관계 명확 + 구체적 설명,특별한 경험 + 뚜렷한 성찰,직무 연계 + 구체 사례로 강점 증명,솔직 + 뚜렷한 개선 과정,적절한 사례 + 대체로 원만,전공과 연계된 주도적 학습 경험,활동 참여 + 간단한 결과,뚜렷한 도전 + 성과/교훈 존재,직무 이해 있음 + 부분 연결,본인 경험/가치와 연결된 명확한 동기,직무와 역량의 논리적 연결 + 사례,구체적 + 회사 내 역할 연결,현실적 비전 제시,의지는 있으나 구체성 부족,실무 경험 있음 + 적절 설명,직무 필수 역량 다수 보유 + 활용 경험,해결 노력은 있으나 미흡
7/2/2025 11:14:10,15,10,명확하고 긍정적인 가치관 + 구체적 사례,영향 관계 명확 + 구체적 설명,특별한 경험 + 뚜렷한 성찰,직무 연계 + 구체 사례로 강점 증명,솔직 + 뚜렷한 개선 과정,대인관계 우수 사례 + 긍정적 결과,전공과 연계된 주도적 학습 경험,활동 적극적 참여 + 구체 성과,뚜렷한 도전 + 성과/교훈 존재,회사 특성과 직무 정확히 이해 + 본인 연결,본인 경험/가치와 연결된 명확한 동기,본인의 역량이 직무와 잘 맞는지 서술,구체적 + 회사 내 역할 연결,회사 발전과 연계된 비전 + 실현 가능성,회사에 대한 이해 + 구체 기여방안,실무 경험 + 성과 및 배움 있음,직무 필수 역량 다수 보유 + 활용 경험,문제 인식 및 일부 해결 경험
7/2/2025 11:15:39,15,11,가치관 명확 + 간단한 사례,영향은 있으나 논리 부족 단편적 언급 + 설명 없음 영향 설명 없음,경험은 있음 + 부분적 성찰,직무 연계 + 구체 사례로 강점 증명,"단점 나열 중심, 노력 미흡",대인관계 우수 사례 + 긍정적 결과,전공과 연계된 주도적 학습 경험,활동 참여 + 간단한 결과,도전 있음 + 성과 미흡,직무 이해 있음 + 부분 연결,개인 목표 중심의 설명,본인의 역량이 직무와 잘 맞는지 서술,구체적이나 직무 연계 약함,개인적 희망 수준,의지는 있으나 구체성 부족,실무 경험 + 성과 및 배움 있음,관련 역량 보유 + 일부 활용,해결 노력은 있으나 미흡
7/2/2025 11:17:42,15,12,명확하고 긍정적인 가치관 + 구체적 사례,영향 관계 명확 + 구체적 설명,특별한 경험 + 뚜렷한 성찰,직무 연계 + 구체 사례로 강점 증명,솔직 + 뚜렷한 개선 과정,적절한 사례 + 대체로 원만,전공과 연계된 주도적 학습 경험,활동 적극적 참여 + 구체 성과,뚜렷한 도전 + 성과/교훈 존재,직무 이해 있음 + 부분 연결,본인 경험/가치와 연결된 명확한 동기,본인의 역량이 직무와 잘 맞는지 서술,구체적이나 직무 연계 약함,개인적 희망 수준,기여방안 있으나 설명 부족,실무 경험 + 성과 및 배움 있음,직무 필수 역량 다수 보유 + 활용 경험,문제 인식 및 일부 해결 경험
7/2/2025 11:18:52,15,13,가치관 명확 + 간단한 사례,영향 관계 보통 + 적당한 설명,경험은 있음 + 부분적 성찰,직무 연계 + 구체 사례로 강점 증명,"단점 나열 중심, 노력 미흡",대인관계 우수 사례 + 긍정적 결과,전공과 연계된 주도적 학습 경험,활동 적극적 참여 + 구체 성과,뚜렷한 도전 + 성과/교훈 존재,직무 이해 있음 + 부분 연결,개인 목표 중심의 설명,본인의 역량이 직무와 잘 맞는지 서술,구체적이나 직무 연계 약함,개인적 희망 수준,의지는 있으나 구체성 부족,실무 경험 + 성과 및 배움 있음,관련 역량 보유 + 일부 활용,해결 노력은 있으나 미흡
7/2/2025 14:12:32,06,30,가치관 명확 + 간단한 사례,영향은 있으나 논리 부족 단편적 언급 + 설명 없음 영향 설명 없음,"경험만 나열, 의미 부족",장점 명확 + 사례 적당,극복 의지 있음 + 일부 노력,적절한 사례 + 대체로 원만,전공과 연계된 주도적 학습 경험,활동 적극적 참여 + 구체 성과,도전 있음 + 성과 미흡,직무 또는 회사 이해 부족,단순 관심 표현,적절한 역량 + 일부 연계,형식적 목표 제시,막연하거나 비현실적,기여 의식 없음,실무 경험 있음 + 적절 설명,역량 언급 있으나 약함,해결 노력은 있으나 미흡
7/2/2025 14:20:02,07,12,"내용 부실, 진정성 없음",영향 설명 없음,전환점 부재,장점 명확 + 사례 적당,단점 숨기거나 책임 전가,"사례 부족, 원론적 설명 대인관계 소극적 묘사 부정적 내용 포함",학업 태도 언급 없음,활동 없음,뚜렷한 도전 + 성과/교훈 존재,회사 특성과 직무 정확히 이해 + 본인 연결,본인 경험/가치와 연결된 명확한 동기,직무와 역량의 논리적 연결 + 사례,구체적이나 직무 연계 약함,현실적 비전 제시,기여방안 있으나 설명 부족,실무 경험 + 성과 및 배움 있음,관련 역량 보유 + 일부 활용,문제 인식 및 일부 해결 경험
7/2/2025 14:27:30,07,13,명확하고 긍정적인 가치관 + 구체적 사례,영향 관계 명확 + 구체적 설명,경험은 있음 + 부분적 성찰,장점 명확 + 사례 적당,극복 의지 있음 + 일부 노력,"사례 부족, 원론적 설명 대인관계 소극적 묘사 부정적 내용 포함",성실하고 자기주도 학습 있음,활동 없음,경험 기술은 있으나 성과 미흡,회사 특성과 직무 정확히 이해 + 본인 연결,개인 목표 중심의 설명,직무와 역량의 논리적 연결 + 사례,구체적이나 직무 연계 약함,현실적 비전 제시,기여 언급만 존재,실무 연결 부족,관련 역량 보유 + 일부 활용,해결 노력은 있으나 미흡
7/2/2025 14:35:58,07,14,명확하고 긍정적인 가치관 + 구체적 사례,영향 관계 보통 + 적당한 설명,경험은 있음 + 부분적 성찰,장점 명확 + 사례 적당,극복 의지 있음 + 일부 노력,적절한 사례 + 대체로 원만,성실하고 자기주도 학습 있음,활동 없음,경험 기술은 있으나 성과 미흡,직무 이해 있음 + 부분 연결,개인 목표 중심의 설명,직무와 역량의 논리적 연결 + 사례,목표 있으나 막연함,개인적 희망 수준,기여방안 있으나 설명 부족,경험 나열 중심,관련 역량 보유 + 일부 활용,문제 인식 및 일부 해결 경험
7/2/2025 14:41:54,07,15,명확하고 긍정적인 가치관 + 구체적 사례,영향 관계 명확 + 구체적 설명,경험은 있음 + 부분적 성찰,직무 연계 + 구체 사례로 강점 증명,극복 의지 있음 + 일부 노력,적절한 사례 + 대체로 원만,전공과 연계된 주도적 학습 경험,활동 없음,경험 기술은 있으나 성과 미흡,직무 이해 있음 + 부분 연결,본인 경험/가치와 연결된 명확한 동기,본인의 역량이 직무와 잘 맞는지 서술,구체적이나 직무 연계 약함,현실적 비전 제시,기여방안 있으나 설명 부족,실무 연결 부족,역량 언급 있으나 약함,해결 노력은 있으나 미흡
7/2/2025 14:42:51,06,31,가치관 명확 + 간단한 사례,영향은 있으나 논리 부족 단편적 언급 + 설명 없음 영향 설명 없음,"경험만 나열, 의미 부족",장점 명확 + 사례 적당,극복 의지 있음 + 일부 노력,"사례 부족, 원론적 설명 대인관계 소극적 묘사 부정적 내용 포함",성실하고 자기주도 학습 있음,활동 경험 있음 + 서술 미흡,경험 기술은 있으나 성과 미흡,"이해도 없음, 복붙 의심",동기 없음 또는 불성실,역량 또는 직무 언급 없음,목표 없음,비전 없음,기여 의식 없음,경험 없음,자격 보유만 있고 활용 미흡,"문제만 제시, 해결 없음"
7/2/2025 14:44:18,06,32,명확하고 긍정적인 가치관 + 구체적 사례,영향은 있으나 논리 부족 단편적 언급 + 설명 없음 영향 설명 없음,경험은 있음 + 부분적 성찰,직무 연계 + 구체 사례로 강점 증명,솔직 + 뚜렷한 개선 과정,대인관계 우수 사례 + 긍정적 결과,일반적인 학습 서술,활동 참여 + 간단한 결과,도전 있음 + 성과 미흡,직무 이해 있음 + 부분 연결,개인 목표 중심의 설명,본인의 역량이 직무와 잘 맞는지 서술,구체적이나 직무 연계 약함,현실적 비전 제시,기여방안 있으나 설명 부족,실무 경험 있음 + 적절 설명,관련 역량 보유 + 일부 활용,문제 해결 과정 명확 + 결과 도출