trainee,id,cat,subcat,grade
15,1,학력,최종 학위 수준,C
15,1,학력,출신 학교 수준,C
15,1,학점,출신 학교 수준,D
15,1,경력,총 경력 연수,C
15,1,경력,직무 연관성,C
15,1,경력,성과 및 기여도,D
15,1,교육이력,전문교육 수료 여부,B
15,1,교육이력,기업 내 교육 참여,C
15,1,교육이력,자기개발 노력,B
15,1,자격증,직무 관련 자격증 (적합도),D
15,1,자격증,자격증 수준,D
15,1,자격증,자격증 최신성,E
15,2,학력,최종 학위 수준,C
15,2,학력,출신 학교 수준,C
15,2,학점,출신 학교 수준,C
15,2,경력,총 경력 연수,C
15,2,경력,직무 연관성,B
15,2,경력,성과 및 기여도,B
15,2,교육이력,전문교육 수료 여부,C
15,2,교육이력,기업 내 교육 참여,D
15,2,교육이력,자기개발 노력,B
15,2,자격증,직무 관련 자격증 (적합도),C
15,2,자격증,자격증 수준,C
15,2,자격증,자격증 최신성,C
15,3,학력,최종 학위 수준,C
15,3,학력,출신 학교 수준,C
15,3,학점,출신 학교 수준,E
15,3,경력,총 경력 연수,E
15,3,경력,직무 연관성,E
15,3,경력,성과 및 기여도,E
15,3,교육이력,전문교육 수료 여부,D
15,3,교육이력,기업 내 교육 참여,E
15,3,교육이력,자기개발 노력,C
15,3,자격증,직무 관련 자격증 (적합도),C
15,3,자격증,자격증 수준,C
15,3,자격증,자격증 최신성,C
15,4,학력,최종 학위 수준,B
15,4,학력,출신 학교 수준,C
15,4,학점,출신 학교 수준,E
15,4,경력,총 경력 연수,B
15,4,경력,직무 연관성,A
15,4,경력,성과 및 기여도,A
15,4,교육이력,전문교육 수료 여부,C
15,4,교육이력,기업 내 교육 참여,D
15,4,교육이력,자기개발 노력,B
15,4,자격증,직무 관련 자격증 (적합도),B
15,4,자격증,자격증 수준,C
15,4,자격증,자격증 최신성,C
15,5,학력,최종 학위 수준,C
15,5,학력,출신 학교 수준,C
15,5,학점,출신 학교 수준,A
15,5,경력,총 경력 연수,C
15,5,경력,직무 연관성,B
15,5,경력,성과 및 기여도,C
15,5,교육이력,전문교육 수료 여부,C
15,5,교육이력,기업 내 교육 참여,D
15,5,교육이력,자기개발 노력,C
15,5,자격증,직무 관련 자격증 (적합도),C
15,5,자격증,자격증 수준,C
15,5,자격증,자격증 최신성,C
15,6,학력,최종 학위 수준,C
15,6,학력,출신 학교 수준,B
15,6,학점,출신 학교 수준,D
15,6,경력,총 경력 연수,D
15,6,경력,직무 연관성,A
15,6,경력,성과 및 기여도,B
15,6,교육이력,전문교육 수료 여부,C
15,6,교육이력,기업 내 교육 참여,E
15,6,교육이력,자기개발 노력,A
15,6,자격증,직무 관련 자격증 (적합도),E
15,6,자격증,자격증 수준,E
15,6,자격증,자격증 최신성,E
15,7,학력,최종 학위 수준,C
15,7,학력,출신 학교 수준,A
15,7,학점,출신 학교 수준,E
15,7,경력,총 경력 연수,B
15,7,경력,직무 연관성,A
15,7,경력,성과 및 기여도,A
15,7,교육이력,전문교육 수료 여부,C
15,7,교육이력,기업 내 교육 참여,B
15,7,교육이력,자기개발 노력,A
15,7,자격증,직무 관련 자격증 (적합도),E
15,7,자격증,자격증 수준,E
15,7,자격증,자격증 최신성,E
15,8,학력,최종 학위 수준,D
15,8,학력,출신 학교 수준,C
15,8,학점,출신 학교 수준,E
15,8,경력,총 경력 연수,D
15,8,경력,직무 연관성,A
15,8,경력,성과 및 기여도,B
15,8,교육이력,전문교육 수료 여부,C
15,8,교육이력,기업 내 교육 참여,E
15,8,교육이력,자기개발 노력,B
15,8,자격증,직무 관련 자격증 (적합도),C
15,8,자격증,자격증 수준,C
15,8,자격증,자격증 최신성,B
15,9,학력,최종 학위 수준,D
15,9,학력,출신 학교 수준,B
15,9,학점,출신 학교 수준,A
15,9,경력,총 경력 연수,D
15,9,경력,직무 연관성,B
15,9,경력,성과 및 기여도,B
15,9,교육이력,전문교육 수료 여부,B
15,9,교육이력,기업 내 교육 참여,E
15,9,교육이력,자기개발 노력,A
15,9,자격증,직무 관련 자격증 (적합도),D
15,9,자격증,자격증 수준,D
15,9,자격증,자격증 최신성,C
15,10,학력,최종 학위 수준,D
15,10,학력,출신 학교 수준,C
15,10,학점,출신 학교 수준,A
15,10,경력,총 경력 연수,C
15,10,경력,직무 연관성,A
15,10,경력,성과 및 기여도,A
15,10,교육이력,전문교육 수료 여부,B
15,10,교육이력,기업 내 교육 참여,E
15,10,교육이력,자기개발 노력,A
15,10,자격증,직무 관련 자격증 (적합도),B
15,10,자격증,자격증 수준,B
15,10,자격증,자격증 최신성,A
15,11,학력,최종 학위 수준,A
15,11,학력,출신 학교 수준,B
15,11,학점,출신 학교 수준,E
15,11,경력,총 경력 연수,A
15,11,경력,직무 연관성,A
15,11,경력,성과 및 기여도,B
15,11,교육이력,전문교육 수료 여부,C
15,11,교육이력,기업 내 교육 참여,C
15,11,교육이력,자기개발 노력,B
15,11,자격증,직무 관련 자격증 (적합도),E
15,11,자격증,자격증 수준,E
15,11,자격증,자격증 최신성,E
15,12,학력,최종 학위 수준,A
15,12,학력,출신 학교 수준,A
15,12,학점,출신 학교 수준,E
15,12,경력,총 경력 연수,B
15,12,경력,직무 연관성,A
15,12,경력,성과 및 기여도,B
15,12,교육이력,전문교육 수료 여부,B
15,12,교육이력,기업 내 교육 참여,C
15,12,교육이력,자기개발 노력,A
15,12,자격증,직무 관련 자격증 (적합도),C
15,12,자격증,자격증 수준,C
15,12,자격증,자격증 최신성,B
15,13,학력,최종 학위 수준,B
15,13,학력,출신 학교 수준,A
15,13,학점,출신 학교 수준,E
15,13,경력,총 경력 연수,B
15,13,경력,직무 연관성,A
15,13,경력,성과 및 기여도,A
15,13,교육이력,전문교육 수료 여부,C
15,13,교육이력,기업 내 교육 참여,C
15,13,교육이력,자기개발 노력,A
15,13,자격증,직무 관련 자격증 (적합도),A
15,13,자격증,자격증 수준,A
15,13,자격증,자격증 최신성,A
1,1,학력,최종 학위 수준,C
1,1,학력,출신 학교 수준,C
1,1,학점,출신 학교 수준,C
1,1,경력,총 경력 연수,D
1,1,경력,직무 연관성,C
1,1,경력,성과 및 기여도,B
1,1,교육이력,전문교육 수료 여부,C
1,1,교육이력,기업 내 교육 참여,E
1,1,교육이력,자기개발 노력,B
1,1,자격증,직무 관련 자격증 (적합도),C
1,1,자격증,자격증 수준,C
1,1,자격증,자격증 최신성,B
1,2,학력,최종 학위 수준,C
1,2,학력,출신 학교 수준,C
1,2,학점,출신 학교 수준,C
1,2,경력,총 경력 연수,E
1,2,경력,직무 연관성,D
1,2,경력,성과 및 기여도,B
1,2,교육이력,전문교육 수료 여부,C
1,2,교육이력,기업 내 교육 참여,E
1,2,교육이력,자기개발 노력,C
1,2,자격증,직무 관련 자격증 (적합도),B
1,2,자격증,자격증 수준,C
1,2,자격증,자격증 최신성,A
1,3,학력,최종 학위 수준,C
1,3,학력,출신 학교 수준,C
1,3,학점,출신 학교 수준,C
1,3,경력,총 경력 연수,E
1,3,경력,직무 연관성,A
1,3,경력,성과 및 기여도,B
1,3,교육이력,전문교육 수료 여부,B
1,3,교육이력,기업 내 교육 참여,E
1,3,교육이력,자기개발 노력,A
1,3,자격증,직무 관련 자격증 (적합도),A
1,3,자격증,자격증 수준,A
1,3,자격증,자격증 최신성,C
1,4,학력,최종 학위 수준,C
1,4,학력,출신 학교 수준,C
1,4,학점,출신 학교 수준,B
1,4,경력,총 경력 연수,D
1,4,경력,직무 연관성,A
1,4,경력,성과 및 기여도,C
1,4,교육이력,전문교육 수료 여부,C
1,4,교육이력,기업 내 교육 참여,C
1,4,교육이력,자기개발 노력,B
1,4,자격증,직무 관련 자격증 (적합도),B
1,4,자격증,자격증 수준,B
1,4,자격증,자격증 최신성,A
1,5,학력,최종 학위 수준,D
1,5,학력,출신 학교 수준,E
1,5,학점,출신 학교 수준,C
1,5,경력,총 경력 연수,C
1,5,경력,직무 연관성,B
1,5,경력,성과 및 기여도,A
1,5,교육이력,전문교육 수료 여부,E
1,5,교육이력,기업 내 교육 참여,E
1,5,교육이력,자기개발 노력,E
1,5,자격증,직무 관련 자격증 (적합도),C
1,5,자격증,자격증 수준,E
1,5,자격증,자격증 최신성,E
1,6,학력,최종 학위 수준,C
1,6,학력,출신 학교 수준,B
1,6,학점,출신 학교 수준,B
1,6,경력,총 경력 연수,E
1,6,경력,직무 연관성,A
1,6,경력,성과 및 기여도,B
1,6,교육이력,전문교육 수료 여부,C
1,6,교육이력,기업 내 교육 참여,E
1,6,교육이력,자기개발 노력,A
1,6,자격증,직무 관련 자격증 (적합도),B
1,6,자격증,자격증 수준,B
1,6,자격증,자격증 최신성,A
1,7,학력,최종 학위 수준,C
1,7,학력,출신 학교 수준,B
1,7,학점,출신 학교 수준,B
1,7,경력,총 경력 연수,C
1,7,경력,직무 연관성,A
1,7,경력,성과 및 기여도,A
1,7,교육이력,전문교육 수료 여부,C
1,7,교육이력,기업 내 교육 참여,E
1,7,교육이력,자기개발 노력,A
1,7,자격증,직무 관련 자격증 (적합도),A
1,7,자격증,자격증 수준,A
1,7,자격증,자격증 최신성,A
1,8,학력,최종 학위 수준,C
1,8,학력,출신 학교 수준,C
1,8,학점,출신 학교 수준,B
1,8,경력,총 경력 연수,E
1,8,경력,직무 연관성,C
1,8,경력,성과 및 기여도,B
1,8,교육이력,전문교육 수료 여부,C
1,8,교육이력,기업 내 교육 참여,E
1,8,교육이력,자기개발 노력,E
1,8,자격증,직무 관련 자격증 (적합도),C
1,8,자격증,자격증 수준,C
1,8,자격증,자격증 최신성,A
1,9,학력,최종 학위 수준,C
1,9,학력,출신 학교 수준,B
1,9,학점,출신 학교 수준,A
1,9,경력,총 경력 연수,D
1,9,경력,직무 연관성,C
1,9,경력,성과 및 기여도,B
1,9,교육이력,전문교육 수료 여부,B
1,9,교육이력,기업 내 교육 참여,E
1,9,교육이력,자기개발 노력,A
1,9,자격증,직무 관련 자격증 (적합도),B
1,9,자격증,자격증 수준,B
1,9,자격증,자격증 최신성,A
1,10,학력,최종 학위 수준,C
1,10,학력,출신 학교 수준,C
1,10,학점,출신 학교 수준,C
1,10,경력,총 경력 연수,C
1,10,경력,직무 연관성,D
1,10,경력,성과 및 기여도,B
1,10,교육이력,전문교육 수료 여부,B
1,10,교육이력,기업 내 교육 참여,E
1,10,교육이력,자기개발 노력,A
1,10,자격증,직무 관련 자격증 (적합도),C
1,10,자격증,자격증 수준,C
1,10,자격증,자격증 최신성,A
1,11,학력,최종 학위 수준,B
1,11,학력,출신 학교 수준,B
1,11,학점,출신 학교 수준,A
1,11,경력,총 경력 연수,D
1,11,경력,직무 연관성,A
1,11,경력,성과 및 기여도,B
1,11,교육이력,전문교육 수료 여부,B
1,11,교육이력,기업 내 교육 참여,B
1,11,교육이력,자기개발 노력,A
1,11,자격증,직무 관련 자격증 (적합도),A
1,11,자격증,자격증 수준,A
1,11,자격증,자격증 최신성,A
1,12,학력,최종 학위 수준,C
1,12,학력,출신 학교 수준,B
1,12,학점,출신 학교 수준,C
1,12,경력,총 경력 연수,E
1,12,경력,직무 연관성,A
1,12,경력,성과 및 기여도,B
1,12,교육이력,전문교육 수료 여부,B
1,12,교육이력,기업 내 교육 참여,D
1,12,교육이력,자기개발 노력,A
1,12,자격증,직무 관련 자격증 (적합도),A
1,12,자격증,자격증 수준,A
1,12,자격증,자격증 최신성,A
1,18,학력,최종 학위 수준,C
1,18,학력,출신 학교 수준,C
1,18,학점,출신 학교 수준,D
1,18,경력,총 경력 연수,E
1,18,경력,직무 연관성,B
1,18,경력,성과 및 기여도,B
1,18,교육이력,전문교육 수료 여부,B
1,18,교육이력,기업 내 교육 참여,D
1,18,교육이력,자기개발 노력,A
1,18,자격증,직무 관련 자격증 (적합도),C
1,18,자격증,자격증 수준,C
1,18,자격증,자격증 최신성,A
1,19,학력,최종 학위 수준,C
1,19,학력,출신 학교 수준,B
1,19,학점,출신 학교 수준,C
1,19,경력,총 경력 연수,D
1,19,경력,직무 연관성,A
1,19,경력,성과 및 기여도,B
1,19,교육이력,전문교육 수료 여부,B
1,19,교육이력,기업 내 교육 참여,E
1,19,교육이력,자기개발 노력,A
1,19,자격증,직무 관련 자격증 (적합도),C
1,19,자격증,자격증 수준,C
1,19,자격증,자격증 최신성,A
1,20,학력,최종 학위 수준,C
1,20,학력,출신 학교 수준,C
1,20,학점,출신 학교 수준,B
1,20,경력,총 경력 연수,C
1,20,경력,직무 연관성,A
1,20,경력,성과 및 기여도,B
1,20,교육이력,전문교육 수료 여부,B
1,20,교육이력,기업 내 교육 참여,E
1,20,교육이력,자기개발 노력,A
1,20,자격증,직무 관련 자격증 (적합도),B
1,20,자격증,자격증 수준,B
1,20,자격증,자격증 최신성,A
1,21,학력,최종 학위 수준,C
1,21,학력,출신 학교 수준,C
1,21,학점,출신 학교 수준,B
1,21,경력,총 경력 연수,D
1,21,경력,직무 연관성,C
1,21,경력,성과 및 기여도,A
1,21,교육이력,전문교육 수료 여부,B
1,21,교육이력,기업 내 교육 참여,E
1,21,교육이력,자기개발 노력,A
1,21,자격증,직무 관련 자격증 (적합도),B
1,21,자격증,자격증 수준,B
1,21,자격증,자격증 최신성,B
1,22,학력,최종 학위 수준,C
1,22,학력,출신 학교 수준,C
1,22,학점,출신 학교 수준,C
1,22,경력,총 경력 연수,E
1,22,경력,직무 연관성,C
1,22,경력,성과 및 기여도,E
1,22,교육이력,전문교육 수료 여부,E
1,22,교육이력,기업 내 교육 참여,E
1,22,교육이력,자기개발 노력,E
1,22,자격증,직무 관련 자격증 (적합도),C
1,22,자격증,자격증 수준,C
1,22,자격증,자격증 최신성,D
1,23,학력,최종 학위 수준,C
1,23,학력,출신 학교 수준,C
1,23,학점,출신 학교 수준,B
1,23,경력,총 경력 연수,D
1,23,경력,직무 연관성,B
1,23,경력,성과 및 기여도,B
1,23,교육이력,전문교육 수료 여부,B
1,23,교육이력,기업 내 교육 참여,D
1,23,교육이력,자기개발 노력,A
1,23,자격증,직무 관련 자격증 (적합도),B
1,23,자격증,자격증 수준,B
1,23,자격증,자격증 최신성,A
1,24,학력,최종 학위 수준,C
1,24,학력,출신 학교 수준,C
1,24,학점,출신 학교 수준,C
1,24,경력,총 경력 연수,D
1,24,경력,직무 연관성,C
1,24,경력,성과 및 기여도,C
1,24,교육이력,전문교육 수료 여부,E
1,24,교육이력,기업 내 교육 참여,E
1,24,교육이력,자기개발 노력,E
1,24,자격증,직무 관련 자격증 (적합도),A
1,24,자격증,자격증 수준,A
1,24,자격증,자격증 최신성,A
1,25,학력,최종 학위 수준,C
1,25,학력,출신 학교 수준,C
1,25,학점,출신 학교 수준,B
1,25,경력,총 경력 연수,D
1,25,경력,직무 연관성,A
1,25,경력,성과 및 기여도,A
1,25,교육이력,전문교육 수료 여부,B
1,25,교육이력,기업 내 교육 참여,D
1,25,교육이력,자기개발 노력,A
1,25,자격증,직무 관련 자격증 (적합도),B
1,25,자격증,자격증 수준,B
1,25,자격증,자격증 최신성,A
1,26,학력,최종 학위 수준,C
1,26,학력,출신 학교 수준,C
1,26,학점,출신 학교 수준,B
1,26,경력,총 경력 연수,D
1,26,경력,직무 연관성,C
1,26,경력,성과 및 기여도,E
1,26,교육이력,전문교육 수료 여부,E
1,26,교육이력,기업 내 교육 참여,E
1,26,교육이력,자기개발 노력,E
1,26,자격증,직무 관련 자격증 (적합도),C
1,26,자격증,자격증 수준,C
1,26,자격증,자격증 최신성,E
1,27,학력,최종 학위 수준,C
1,27,학력,출신 학교 수준,C
1,27,학점,출신 학교 수준,A
1,27,경력,총 경력 연수,C
1,27,경력,직무 연관성,C
1,27,경력,성과 및 기여도,E
1,27,교육이력,전문교육 수료 여부,E
1,27,교육이력,기업 내 교육 참여,E
1,27,교육이력,자기개발 노력,A
1,27,자격증,직무 관련 자격증 (적합도),B
1,27,자격증,자격증 수준,B
1,27,자격증,자격증 최신성,A
1,28,학력,최종 학위 수준,B
1,28,학력,출신 학교 수준,C
1,28,학점,출신 학교 수준,A
1,28,경력,총 경력 연수,D
1,28,경력,직무 연관성,A
1,28,경력,성과 및 기여도,A
1,28,교육이력,전문교육 수료 여부,E
1,28,교육이력,기업 내 교육 참여,E
1,28,교육이력,자기개발 노력,A
1,28,자격증,직무 관련 자격증 (적합도),B
1,28,자격증,자격증 수준,B
1,28,자격증,자격증 최신성,A
1,29,학력,최종 학위 수준,C
1,29,학력,출신 학교 수준,C
1,29,학점,출신 학교 수준,B
1,29,경력,총 경력 연수,D
1,29,경력,직무 연관성,A
1,29,경력,성과 및 기여도,A
1,29,교육이력,전문교육 수료 여부,C
1,29,교육이력,기업 내 교육 참여,C
1,29,교육이력,자기개발 노력,A
1,29,자격증,직무 관련 자격증 (적합도),C
1,29,자격증,자격증 수준,C
1,29,자격증,자격증 최신성,A
1,30,학력,최종 학위 수준,C
1,30,학력,출신 학교 수준,C
1,30,학점,출신 학교 수준,A
1,30,경력,총 경력 연수,C
1,30,경력,직무 연관성,A
1,30,경력,성과 및 기여도,B
1,30,교육이력,전문교육 수료 여부,E
1,30,교육이력,기업 내 교육 참여,E
1,30,교육이력,자기개발 노력,E
1,30,자격증,직무 관련 자격증 (적합도),C
1,30,자격증,자격증 수준,C
1,30,자격증,자격증 최신성,B
6,2,학력,최종 학위 수준,C
6,2,학력,출신 학교 수준,A
6,2,학점,출신 학교 수준,B
6,2,경력,총 경력 연수,E
6,2,경력,직무 연관성,C
6,2,경력,성과 및 기여도,E
6,2,교육이력,전문교육 수료 여부,E
6,2,교육이력,기업 내 교육 참여,E
6,2,교육이력,자기개발 노력,A
6,2,자격증,직무 관련 자격증 (적합도),A
6,2,자격증,자격증 수준,A
6,2,자격증,자격증 최신성,A
6,3,학력,최종 학위 수준,C
6,3,학력,출신 학교 수준,A
6,3,학점,출신 학교 수준,A
6,3,경력,총 경력 연수,E
6,3,경력,직무 연관성,B
6,3,경력,성과 및 기여도,C
6,3,교육이력,전문교육 수료 여부,B
6,3,교육이력,기업 내 교육 참여,E
6,3,교육이력,자기개발 노력,B
6,3,자격증,직무 관련 자격증 (적합도),B
6,3,자격증,자격증 수준,A
6,3,자격증,자격증 최신성,B
6,4,학력,최종 학위 수준,C
6,4,학력,출신 학교 수준,A
6,4,학점,출신 학교 수준,B
6,4,경력,총 경력 연수,D
6,4,경력,직무 연관성,B
6,4,경력,성과 및 기여도,C
6,4,교육이력,전문교육 수료 여부,E
6,4,교육이력,기업 내 교육 참여,E
6,4,교육이력,자기개발 노력,E
6,4,자격증,직무 관련 자격증 (적합도),E
6,4,자격증,자격증 수준,E
6,4,자격증,자격증 최신성,E
6,5,학력,최종 학위 수준,A
6,5,학력,출신 학교 수준,C
6,5,학점,출신 학교 수준,A
6,5,경력,총 경력 연수,B
6,5,경력,직무 연관성,A
6,5,경력,성과 및 기여도,E
6,5,교육이력,전문교육 수료 여부,E
6,5,교육이력,기업 내 교육 참여,E
6,5,교육이력,자기개발 노력,A
6,5,자격증,직무 관련 자격증 (적합도),E
6,5,자격증,자격증 수준,E
6,5,자격증,자격증 최신성,E
6,6,학력,최종 학위 수준,B
6,6,학력,출신 학교 수준,A
6,6,학점,출신 학교 수준,A
6,6,경력,총 경력 연수,C
6,6,경력,직무 연관성,B
6,6,경력,성과 및 기여도,C
6,6,교육이력,전문교육 수료 여부,E
6,6,교육이력,기업 내 교육 참여,E
6,6,교육이력,자기개발 노력,A
6,6,자격증,직무 관련 자격증 (적합도),C
6,6,자격증,자격증 수준,A
6,6,자격증,자격증 최신성,A
6,7,학력,최종 학위 수준,C
6,7,학력,출신 학교 수준,A
6,7,학점,출신 학교 수준,A
6,7,경력,총 경력 연수,E
6,7,경력,직무 연관성,C
6,7,경력,성과 및 기여도,E
6,7,교육이력,전문교육 수료 여부,D
6,7,교육이력,기업 내 교육 참여,E
6,7,교육이력,자기개발 노력,B
6,7,자격증,직무 관련 자격증 (적합도),C
6,7,자격증,자격증 수준,A
6,7,자격증,자격증 최신성,A
6,9,학력,최종 학위 수준,B
6,9,학력,출신 학교 수준,A
6,9,학점,출신 학교 수준,A
6,9,경력,총 경력 연수,B
6,9,경력,직무 연관성,A
6,9,경력,성과 및 기여도,B
6,9,교육이력,전문교육 수료 여부,A
6,9,교육이력,기업 내 교육 참여,A
6,9,교육이력,자기개발 노력,A
6,9,자격증,직무 관련 자격증 (적합도),A
6,9,자격증,자격증 수준,A
6,9,자격증,자격증 최신성,A
6,10,학력,최종 학위 수준,C
6,10,학력,출신 학교 수준,B
6,10,학점,출신 학교 수준,A
6,10,경력,총 경력 연수,C
6,10,경력,직무 연관성,A
6,10,경력,성과 및 기여도,E
6,10,교육이력,전문교육 수료 여부,E
6,10,교육이력,기업 내 교육 참여,E
6,10,교육이력,자기개발 노력,A
6,10,자격증,직무 관련 자격증 (적합도),A
6,10,자격증,자격증 수준,A
6,10,자격증,자격증 최신성,B
6,12,학력,최종 학위 수준,C
6,12,학력,출신 학교 수준,C
6,12,학점,출신 학교 수준,C
6,12,경력,총 경력 연수,E
6,12,경력,직무 연관성,E
6,12,경력,성과 및 기여도,E
6,12,교육이력,전문교육 수료 여부,E
6,12,교육이력,기업 내 교육 참여,E
6,12,교육이력,자기개발 노력,E
6,12,자격증,직무 관련 자격증 (적합도),E
6,12,자격증,자격증 수준,E
6,12,자격증,자격증 최신성,E
6,13,학력,최종 학위 수준,C
6,13,학력,출신 학교 수준,C
6,13,학점,출신 학교 수준,C
6,13,경력,총 경력 연수,E
6,13,경력,직무 연관성,E
6,13,경력,성과 및 기여도,E
6,13,교육이력,전문교육 수료 여부,E
6,13,교육이력,기업 내 교육 참여,E
6,13,교육이력,자기개발 노력,E
6,13,자격증,직무 관련 자격증 (적합도),E
6,13,자격증,자격증 수준,E
6,13,자격증,자격증 최신성,E
6,14,학력,최종 학위 수준,C
6,14,학력,출신 학교 수준,C
6,14,학점,출신 학교 수준,C
6,14,경력,총 경력 연수,E
6,14,경력,직무 연관성,E
6,14,경력,성과 및 기여도,E
6,14,교육이력,전문교육 수료 여부,E
6,14,교육이력,기업 내 교육 참여,E
6,14,교육이력,자기개발 노력,D
6,14,자격증,직무 관련 자격증 (적합도),E
6,14,자격증,자격증 수준,E
6,14,자격증,자격증 최신성,E
6,15,학력,최종 학위 수준,C
6,15,학력,출신 학교 수준,C
6,15,학점,출신 학교 수준,C
6,15,경력,총 경력 연수,E
6,15,경력,직무 연관성,E
6,15,경력,성과 및 기여도,E
6,15,교육이력,전문교육 수료 여부,E
6,15,교육이력,기업 내 교육 참여,E
6,15,교육이력,자기개발 노력,E
6,15,자격증,직무 관련 자격증 (적합도),E
6,15,자격증,자격증 수준,E
6,15,자격증,자격증 최신성,E
6,16,학력,최종 학위 수준,C
6,16,학력,출신 학교 수준,E
6,16,학점,출신 학교 수준,B
6,16,경력,총 경력 연수,E
6,16,경력,직무 연관성,E
6,16,경력,성과 및 기여도,E
6,16,교육이력,전문교육 수료 여부,E
6,16,교육이력,기업 내 교육 참여,E
6,16,교육이력,자기개발 노력,E
6,16,자격증,직무 관련 자격증 (적합도),E
6,16,자격증,자격증 수준,E
6,16,자격증,자격증 최신성,E
6,17,학력,최종 학위 수준,C
6,17,학력,출신 학교 수준,C
6,17,학점,출신 학교 수준,A
6,17,경력,총 경력 연수,E
6,17,경력,직무 연관성,C
6,17,경력,성과 및 기여도,E
6,17,교육이력,전문교육 수료 여부,A
6,17,교육이력,기업 내 교육 참여,E
6,17,교육이력,자기개발 노력,B
6,17,자격증,직무 관련 자격증 (적합도),A
6,17,자격증,자격증 수준,A
6,17,자격증,자격증 최신성,E
6,18,학력,최종 학위 수준,C
6,18,학력,출신 학교 수준,C
6,18,학점,출신 학교 수준,A
6,18,경력,총 경력 연수,E
6,18,경력,직무 연관성,E
6,18,경력,성과 및 기여도,E
6,18,교육이력,전문교육 수료 여부,E
6,18,교육이력,기업 내 교육 참여,E
6,18,교육이력,자기개발 노력,E
6,18,자격증,직무 관련 자격증 (적합도),E
6,18,자격증,자격증 수준,E
6,18,자격증,자격증 최신성,E
6,19,학력,최종 학위 수준,C
6,19,학력,출신 학교 수준,C
6,19,학점,출신 학교 수준,B
6,19,경력,총 경력 연수,B
6,19,경력,직무 연관성,B
6,19,경력,성과 및 기여도,E
6,19,교육이력,전문교육 수료 여부,E
6,19,교육이력,기업 내 교육 참여,E
6,19,교육이력,자기개발 노력,E
6,19,자격증,직무 관련 자격증 (적합도),E
6,19,자격증,자격증 수준,E
6,19,자격증,자격증 최신성,E
6,20,학력,최종 학위 수준,C
6,20,학력,출신 학교 수준,B
6,20,학점,출신 학교 수준,C
6,20,경력,총 경력 연수,B
6,20,경력,직무 연관성,B
6,20,경력,성과 및 기여도,E
6,20,교육이력,전문교육 수료 여부,E
6,20,교육이력,기업 내 교육 참여,E
6,20,교육이력,자기개발 노력,A
6,20,자격증,직무 관련 자격증 (적합도),E
6,20,자격증,자격증 수준,E
6,20,자격증,자격증 최신성,E
6,21,학력,최종 학위 수준,C
6,21,학력,출신 학교 수준,A
6,21,학점,출신 학교 수준,A
6,21,경력,총 경력 연수,E
6,21,경력,직무 연관성,B
6,21,경력,성과 및 기여도,A
6,21,교육이력,전문교육 수료 여부,E
6,21,교육이력,기업 내 교육 참여,E
6,21,교육이력,자기개발 노력,E
6,21,자격증,직무 관련 자격증 (적합도),E
6,21,자격증,자격증 수준,E
6,21,자격증,자격증 최신성,E
6,30,학력,최종 학위 수준,B
6,30,학력,출신 학교 수준,B
6,30,학점,출신 학교 수준,A
6,30,경력,총 경력 연수,C
6,30,경력,직무 연관성,C
6,30,경력,성과 및 기여도,E
6,30,교육이력,전문교육 수료 여부,B
6,30,교육이력,기업 내 교육 참여,E
6,30,교육이력,자기개발 노력,A
6,30,자격증,직무 관련 자격증 (적합도),A
6,30,자격증,자격증 수준,A
6,30,자격증,자격증 최신성,A
6,31,학력,최종 학위 수준,C
6,31,학력,출신 학교 수준,C
6,31,학점,출신 학교 수준,B
6,31,경력,총 경력 연수,E
6,31,경력,직무 연관성,A
6,31,경력,성과 및 기여도,C
6,31,교육이력,전문교육 수료 여부,C
6,31,교육이력,기업 내 교육 참여,E
6,31,교육이력,자기개발 노력,B
6,31,자격증,직무 관련 자격증 (적합도),C
6,31,자격증,자격증 수준,C
6,31,자격증,자격증 최신성,B
6,32,학력,최종 학위 수준,C
6,32,학력,출신 학교 수준,C
6,32,학점,출신 학교 수준,E
6,32,경력,총 경력 연수,E
6,32,경력,직무 연관성,C
6,32,경력,성과 및 기여도,C
6,32,교육이력,전문교육 수료 여부,B
6,32,교육이력,기업 내 교육 참여,E
6,32,교육이력,자기개발 노력,B
6,32,자격증,직무 관련 자격증 (적합도),B
6,32,자격증,자격증 수준,B
6,32,자격증,자격증 최신성,B
7,1,학력,최종 학위 수준,B
7,1,학력,출신 학교 수준,C
7,1,학점,출신 학교 수준,B
7,1,경력,총 경력 연수,B
7,1,경력,직무 연관성,D
7,1,경력,성과 및 기여도,C
7,1,교육이력,전문교육 수료 여부,C
7,1,교육이력,기업 내 교육 참여,E
7,1,교육이력,자기개발 노력,D
7,1,자격증,직무 관련 자격증 (적합도),C
7,1,자격증,자격증 수준,D
7,1,자격증,자격증 최신성,A
7,2,학력,최종 학위 수준,C
7,2,학력,출신 학교 수준,C
7,2,학점,출신 학교 수준,C
7,2,경력,총 경력 연수,C
7,2,경력,직무 연관성,D
7,2,경력,성과 및 기여도,E
7,2,교육이력,전문교육 수료 여부,C
7,2,교육이력,기업 내 교육 참여,E
7,2,교육이력,자기개발 노력,E
7,2,자격증,직무 관련 자격증 (적합도),E
7,2,자격증,자격증 수준,D
7,2,자격증,자격증 최신성,D
7,3,학력,최종 학위 수준,C
7,3,학력,출신 학교 수준,C
7,3,학점,출신 학교 수준,B
7,3,경력,총 경력 연수,C
7,3,경력,직무 연관성,A
7,3,경력,성과 및 기여도,D
7,3,교육이력,전문교육 수료 여부,C
7,3,교육이력,기업 내 교육 참여,C
7,3,교육이력,자기개발 노력,C
7,3,자격증,직무 관련 자격증 (적합도),A
7,3,자격증,자격증 수준,B
7,3,자격증,자격증 최신성,A
7,4,학력,최종 학위 수준,B
7,4,학력,출신 학교 수준,C
7,4,학점,출신 학교 수준,B
7,4,경력,총 경력 연수,C
7,4,경력,직무 연관성,C
7,4,경력,성과 및 기여도,D
7,4,교육이력,전문교육 수료 여부,D
7,4,교육이력,기업 내 교육 참여,D
7,4,교육이력,자기개발 노력,C
7,4,자격증,직무 관련 자격증 (적합도),D
7,4,자격증,자격증 수준,D
7,4,자격증,자격증 최신성,C
7,5,학력,최종 학위 수준,B
7,5,학력,출신 학교 수준,C
7,5,학점,출신 학교 수준,B
7,5,경력,총 경력 연수,B
7,5,경력,직무 연관성,D
7,5,경력,성과 및 기여도,D
7,5,교육이력,전문교육 수료 여부,E
7,5,교육이력,기업 내 교육 참여,D
7,5,교육이력,자기개발 노력,E
7,5,자격증,직무 관련 자격증 (적합도),E
7,5,자격증,자격증 수준,D
7,5,자격증,자격증 최신성,A
7,6,학력,최종 학위 수준,B
7,6,학력,출신 학교 수준,C
7,6,학점,출신 학교 수준,B
7,6,경력,총 경력 연수,B
7,6,경력,직무 연관성,B
7,6,경력,성과 및 기여도,C
7,6,교육이력,전문교육 수료 여부,D
7,6,교육이력,기업 내 교육 참여,C
7,6,교육이력,자기개발 노력,D
7,6,자격증,직무 관련 자격증 (적합도),C
7,6,자격증,자격증 수준,C
7,6,자격증,자격증 최신성,B
7,7,학력,최종 학위 수준,B
7,7,학력,출신 학교 수준,C
7,7,학점,출신 학교 수준,B
7,7,경력,총 경력 연수,B
7,7,경력,직무 연관성,C
7,7,경력,성과 및 기여도,D
7,7,교육이력,전문교육 수료 여부,E
7,7,교육이력,기업 내 교육 참여,D
7,7,교육이력,자기개발 노력,D
7,7,자격증,직무 관련 자격증 (적합도),E
7,7,자격증,자격증 수준,E
7,7,자격증,자격증 최신성,E
7,8,학력,최종 학위 수준,C
7,8,학력,출신 학교 수준,D
7,8,학점,출신 학교 수준,A
7,8,경력,총 경력 연수,A
7,8,경력,직무 연관성,E
7,8,경력,성과 및 기여도,E
7,8,교육이력,전문교육 수료 여부,E
7,8,교육이력,기업 내 교육 참여,E
7,8,교육이력,자기개발 노력,E
7,8,자격증,직무 관련 자격증 (적합도),E
7,8,자격증,자격증 수준,E
7,8,자격증,자격증 최신성,E
7,9,학력,최종 학위 수준,C
7,9,학력,출신 학교 수준,B
7,9,학점,출신 학교 수준,B
7,9,경력,총 경력 연수,B
7,9,경력,직무 연관성,C
7,9,경력,성과 및 기여도,C
7,9,교육이력,전문교육 수료 여부,E
7,9,교육이력,기업 내 교육 참여,E
7,9,교육이력,자기개발 노력,E
7,9,자격증,직무 관련 자격증 (적합도),E
7,9,자격증,자격증 수준,E
7,9,자격증,자격증 최신성,E
7,10,학력,최종 학위 수준,C
7,10,학력,출신 학교 수준,C
7,10,학점,출신 학교 수준,C
7,10,경력,총 경력 연수,C
7,10,경력,직무 연관성,E
7,10,경력,성과 및 기여도,E
7,10,교육이력,전문교육 수료 여부,E
7,10,교육이력,기업 내 교육 참여,E
7,10,교육이력,자기개발 노력,E
7,10,자격증,직무 관련 자격증 (적합도),D
7,10,자격증,자격증 수준,E
7,10,자격증,자격증 최신성,E
7,11,학력,최종 학위 수준,C
7,11,학력,출신 학교 수준,C
7,11,학점,출신 학교 수준,B
7,11,경력,총 경력 연수,C
7,11,경력,직무 연관성,B
7,11,경력,성과 및 기여도,B
7,11,교육이력,전문교육 수료 여부,B
7,11,교육이력,기업 내 교육 참여,C
7,11,교육이력,자기개발 노력,B
7,11,자격증,직무 관련 자격증 (적합도),B
7,11,자격증,자격증 수준,A
7,11,자격증,자격증 최신성,B
7,12,학력,최종 학위 수준,B
7,12,학력,출신 학교 수준,B
7,12,학점,출신 학교 수준,B
7,12,경력,총 경력 연수,B
7,12,경력,직무 연관성,B
7,12,경력,성과 및 기여도,C
7,12,교육이력,전문교육 수료 여부,C
7,12,교육이력,기업 내 교육 참여,D
7,12,교육이력,자기개발 노력,D
7,12,자격증,직무 관련 자격증 (적합도),D
7,12,자격증,자격증 수준,C
7,12,자격증,자격증 최신성,C
7,13,학력,최종 학위 수준,B
7,13,학력,출신 학교 수준,C
7,13,학점,출신 학교 수준,B
7,13,경력,총 경력 연수,C
7,13,경력,직무 연관성,B
7,13,경력,성과 및 기여도,C
7,13,교육이력,전문교육 수료 여부,A
7,13,교육이력,기업 내 교육 참여,E
7,13,교육이력,자기개발 노력,C
7,13,자격증,직무 관련 자격증 (적합도),C
7,13,자격증,자격증 수준,C
7,13,자격증,자격증 최신성,C
7,14,학력,최종 학위 수준,C
7,14,학력,출신 학교 수준,C
7,14,학점,출신 학교 수준,B
7,14,경력,총 경력 연수,D
7,14,경력,직무 연관성,C
7,14,경력,성과 및 기여도,C
7,14,교육이력,전문교육 수료 여부,B
7,14,교육이력,기업 내 교육 참여,D
7,14,교육이력,자기개발 노력,C
7,14,자격증,직무 관련 자격증 (적합도),B
7,14,자격증,자격증 수준,B
7,14,자격증,자격증 최신성,B
7,15,학력,최종 학위 수준,C
7,15,학력,출신 학교 수준,C
7,15,학점,출신 학교 수준,A
7,15,경력,총 경력 연수,D
7,15,경력,직무 연관성,B
7,15,경력,성과 및 기여도,D
7,15,교육이력,전문교육 수료 여부,E
7,15,교육이력,기업 내 교육 참여,E
7,15,교육이력,자기개발 노력,E
7,15,자격증,직무 관련 자격증 (적합도),B
7,15,자격증,자격증 수준,A
7,15,자격증,자격증 최신성,A
7,16,학력,최종 학위 수준,C
7,16,학력,출신 학교 수준,D
7,16,학점,출신 학교 수준,A
7,16,경력,총 경력 연수,C
7,16,경력,직무 연관성,C
7,16,경력,성과 및 기여도,E
7,16,교육이력,전문교육 수료 여부,D
7,16,교육이력,기업 내 교육 참여,E
7,16,교육이력,자기개발 노력,E
7,16,자격증,직무 관련 자격증 (적합도),E
7,16,자격증,자격증 수준,E
7,16,자격증,자격증 최신성,E
